Date,Confirmed,Deaths,Recovered,Active,FIPS,Incident_Rate,People_Tested,People_Hospitalized,Mortality_Rate,UID,ISO3,Testing_Rate,Hospitalization_Rate
04-12,20852,720,,20132,17.0,177.68078180000003,100735.0,3680.0,3.4529061960000003,84000017,USA,858.3672336000001,17.64818722
04-13,22025,798,,21227.0,17.0,187.6759648568341,105768.0,3680.0,3.623155505107832,84000017,USA,901.2536413610727,16.708286038592508
04-14,23248,868,,22380.0,17.0,198.0972,110616.0,4283.0,3.7336545080000003,84000017,USA,942.5636562000001,18.42309016
04-15,24593,949,,23644.0,17.0,209.5580024392337,116929.0,4283.0,3.858821615906965,84000017,USA,996.3569986263228,17.415524742812995
04-16,25734,1072,,24662.0,17.0,219.28051212829826,122589.0,4423.0,4.165695189243801,84000017,USA,1044.5861001513933,17.187378565322142
04-17,27578,1132,,26446.0,17.0,234.99331481597144,130163.0,4454.0,4.104721154543476,84000017,USA,1109.1244773511964,16.15055479005004
04-18,29160,1259,,27901.0,17.0,248.47360432350888,137404.0,4340.0,4.3175582990397805,84000017,USA,1170.825347341132,14.883401920438958
04-19,30357,1290,,29067.0,17.0,258.6732924022208,143318.0,4314.0,4.249431762031821,84000017,USA,1221.2187937049605,14.210890404190135
04-20,31513,1349,,30164.0,17.0,268.52361773136954,148358.0,4599.0,4.280773014311554,84000017,USA,1264.1648487732214,14.593977088820488
04-21,33059,1468,,31591.0,17.0,281.69714970270513,154997.0,4776.0,4.4405456910372365,84000017,USA,1320.736051074448,14.446897970295534
04-22,35107,1565,,33542.0,17.0,299.1482450955222,164346.0,4665.0,4.457800438658957,84000017,USA,1400.3992790175373,13.287948272424304
04-23,36937,1688,,35249.0,17.0,314.7417531857835,173316.0,4877.0,4.569943417169776,84000017,USA,1476.8330317878351,13.203562823185425
04-24,39658,1795,,37863.0,17.0,337.927510297041,189632.0,4828.0,4.526199001462504,84000017,USA,1615.8623640286567,12.174088456301375
04-25,41777,1875,,39902.0,17.0,355.98359971958945,201617.0,4699.0,4.488115470234819,84000017,USA,1717.9870604558605,11.247815783804484
04-26,43903,1933,,41970.0,17.0,374.09933644084396,214952.0,4595.0,4.402888185317632,84000017,USA,1831.6151644906336,10.466255153406374
04-27,45883,1983,,43900.0,17.0,390.97100093194643,227628.0,4672.0,4.32186212758538,84000017,USA,1939.6279014043787,10.18242050432622
04-28,48102,2125,,45977.0,17.0,409.87919462172243,242189.0,,4.4176957299072805,84000017,USA,2063.70280375536,
04-29,50358,2215,,48143.0,17.0,429.10266689037246,256667.0,,4.398506692084673,84000017,USA,2187.0704595645425,
04-30,52918,2355,0,50563.0,17,450.9165361313938,269867.0,,4.45028156770853,84000017,USA,2299.5482228385586,
05-01,56055,2457,0,53598.0,17,477.64704699431724,284688.0,,4.383195076264383,84000017,USA,2425.8385962843313,
05-02,58505,2559,0,55946.0,17,498.5236015413885,299896.0,,4.373985129476114,84000017,USA,2555.426613244273,
05-03,61499,2618,0,58881.0,17,524.0356033021767,319313.0,,4.25697978828924,84000017,USA,2720.879698811817,
05-04,63777,2659,0,61118.0,17,543.4465385096169,333147.0,,4.169214607146777,84000017,USA,2838.7598031400557,
05-05,65889,2834,,63055.0,17,561.4429806334595,346286.0,,4.301173185205421,84000017,USA,2950.7177828110634,
05-06,68232,2974,,65258.0,17,581.4077836145973,361260.0,,4.35865869386798,84000017,USA,3078.311875785693,
05-07,70871,3111,,67760.0,17,603.8948152267284,379043.0,,4.389665730693796,84000017,USA,3229.8415776267407,
05-08,73760,3241,,70519.0,17,628.5121075069277,399714.0,,4.393980477223427,84000017,USA,3405.980050705317,
05-09,76085,3349,,72736.0,17,648.3235317199648,416331.0,,4.401656042583952,84000017,USA,3547.574216790493,
05-10,77741,3406,,74335.0,17,662.4343783852505,429984.0,,4.381214545735197,84000017,USA,3663.9120123950493,
05-11,79007,3459,,75548.0,17,673.2220184083492,442425.0,,4.378093080359968,84000017,USA,3769.92230428081,
05-12,83021,3601,,79420.0,17,707.425483694857,471691.0,,4.33745678804158,84000017,USA,4019.29913912758,
05-13,84694,3792,,80902.0,17,721.6811880855714,489359.0,,4.4772947316220755,84000017,USA,4169.848921061316,
05-14,87937,3928,,84009.0,17,693.9570879355067,512037.0,,4.466834210855499,84000017,USA,4040.7531009158038,
05-15,90369,4059,,86310.0,17,713.14927822923,538602.0,,4.4915845035355035,84000017,USA,4250.391478856906,
05-16,92457,4129,,88328.0,17,729.6267837116702,561649.0,,4.465859805098586,84000017,USA,4432.267469687269,
05-17,94191,4177,,90014.0,17,743.3106891266851,581944.0,,4.434606278731514,84000017,USA,4592.4259820273655,
05-18,96485,4234,,92251.0,17,761.4138488856496,603241.0,,4.388246877753018,84000017,USA,4760.491803032887,
05-19,98030,4379,,93651.0,17,773.6062559595814,621684.0,,4.466999897990411,84000017,USA,4906.035209935494,
05-20,100418,4525,,95893.0,17,792.4512191262802,642713.0,,4.506164233503953,84000017,USA,5071.98610207641,
05-21,102688,4607,,98081.0,17,810.364982270504,672020.0,,4.486405422249923,84000017,USA,5303.263043251637,
05-22,105444,4715,,100729.0,17,832.1140268632266,697133.0,,4.471567846439816,84000017,USA,5501.4429260009265,
05-23,107796,4790,,103006.0,17,850.6748951078145,722247.0,,4.44357861145126,84000017,USA,5699.630700275832,
05-24,110304,4856,,105448.0,17,870.4668413482167,747921.0,,4.402378880185669,84000017,USA,5902.237728894687,
05-25,112017,4885,,107132.0,17,883.9850247253336,769564.0,,4.360945213672925,84000017,USA,6073.0340177627195,
05-26,113195,4923,,108272.0,17,893.2812418988558,786794.0,,4.3491320287998585,84000017,USA,6209.0050040953065,
05-27,114306,5083,,109223.0,17,902.048726856227,803973.0,,4.446835686665617,84000017,USA,6344.573522621571,
05-28,115833,5186,,110647.0,17,914.0990864691032,829966.0,,4.477135186000536,84000017,USA,6549.697947911353,
05-29,117455,5270,,112185.0,17,926.8991410153284,851762.0,,4.486824741390318,84000017,USA,6721.701640198358,
05-30,118917,5330,,113587.0,17,938.4365514632823,877105.0,,4.482117779627806,84000017,USA,6921.6965738389135,
05-31,120260,5390,,114870.0,17,949.0348703631469,898259.0,,4.481955762514552,84000017,USA,7088.633906681605,
06-01,121234,5412,,115822.0,17,956.721216311373,918273.0,,4.464094230991307,84000017,USA,7246.574900324113,
06-02,122848,5525,,117323.0,17,969.4581386526843,934704.0,,4.497427715550924,84000017,USA,7376.24055769096,
06-03,123830,5621,,118209.0,17,977.2076168058244,959175.0,,4.539287733182589,84000017,USA,7569.354080995936,
06-04,124759,5736,,119023.0,17,984.538844101412,982016.0,,4.5976642967641626,84000017,USA,7749.6044175497755,
06-05,125915,5795,,120120.0,17,993.6614477114219,1000919.0,,4.602311082873367,84000017,USA,7898.777926234911,
06-06,126890,5864,,121026.0,17,1001.3556851852626,1022074.0,,4.6213255575695475,84000017,USA,8065.723150603217,
06-07,127757,5904,,121853.0,17,1008.1976378927699,1042774.0,,4.621273198337469,84000017,USA,8229.077730817062,
06-08,128415,5924,,122491.0,17,1013.3902617469107,1059597.0,,4.613168243585251,84000017,USA,8361.836866224672,
06-09,129212,6018,,123194.0,17,1019.6798076614244,1079906.0,,4.6574621552177815,84000017,USA,8522.105859923371,
06-10,129837,6095,,123742.0,17,1024.6120111702967,1100726.0,,4.694347528054407,84000017,USA,8686.407423210918,
06-11,130603,6185,,124418,17,1030.6569197907704,1123051.0,,4.735725825593592,84000017,USA,8862.585732547832,
06-12,131198,6260,,124938.0,17,1035.3523775312167,1147962.0,,4.771414198387171,84000017,USA,9059.171527123055,
06-13,131871,6289,,125582.0,17,1040.6633742695703,1169806.0,,4.7690546063956445,84000017,USA,9231.55401263954,
06-14,132543,6308,,126235.0,17,1045.9664794823095,1191846.0,,4.759210218570577,84000017,USA,9405.48323717641,
06-15,133016,6326,,126690.0,17,1049.6991710978239,1210473.0,,4.755818848860288,84000017,USA,9552.478684792028,
06-16,133639,6398,,127241.0,17,1054.6155915554677,1229202.0,,4.787524599854833,84000017,USA,9700.279068020294,
06-17,134185,6485,,127700.0,17,1058.9243645408183,1259189.0,,4.832879979133286,84000017,USA,9936.922246613174,
06-18,134778,6537,,128241.0,17,1063.6040392300363,1284693.0,,4.850198103548056,84000017,USA,10138.187715877615,
06-19,135470,6580,,128890.0,17,1069.0649749550598,1312003.0,,4.857163947737506,84000017,USA,10353.705280401291,
06-20,136104,6625,,129479.0,17,1074.0682021944597,1337968.0,,4.867601246105919,84000017,USA,10558.608742973878,
06-21,136762,6647,,130115.0,17,1079.2608260486004,1361784.0,,4.860268203155846,84000017,USA,10746.55331700156,
06-22,137224,6671,,130553.0,17,1082.9067108823583,1380003.0,,4.861394508249286,84000017,USA,10890.329022166585,
06-23,137825,6707,,131118.0,17,1087.64951777649,1400510.0,,4.86631598040994,84000017,USA,11052.160537936892,
06-24,138540,6770,,131770.0,17,1093.2919585906398,1429841.0,,4.886675328425004,84000017,USA,11283.62687572686,
06-25,139434,6810,,132624.0,17,1100.3469824897306,1461527.0,,4.884031154524721,84000017,USA,11533.677756338257,
06-26,140291,6847,,133444.0,17,1107.110019941096,1492005.0,,4.880569673036759,84000017,USA,11774.195674007706,
06-27,141077,6873,,134204.0,17,1113.3127590738536,1522242.0,,4.871807594434245,84000017,USA,12012.811734004134,
06-28,141723,6888,,134835.0,17,1118.410684620624,1546031.0,,4.860185008784742,84000017,USA,12200.543236840229,
06-29,142461,6902,,135559.0,17,1124.2346305239003,1572949.0,,4.8448347266971306,84000017.0,USA,12412.967323323144,
06-30,143185,6923,,136262.0,17,1129.9480950685777,1604018.0,,4.8350036665851865,84000017,USA,12658.14913263058,
07-01,144013,6951,,137062.0,17,1136.4822782771314,1637108.0,,4.8266475943144025,84000017,USA,12919.279715204311,
07-02,144013,6951,,137062.0,17,1136.4822782771314,1637108.0,,4.8266475943144025,84000017,USA,12919.279715204311,
07-03,145750,7005,,138745.0,17,1150.1898582689892,1701757.0,,4.806174957118353,84000017,USA,13429.458954636433,
07-04,146612,7014,,139598.0,17,1156.9923533484255,1735593.0,,4.784055875371728,84000017,USA,13696.47661531835,
07-05,147251,7020,,140231.0,17,1162.0350382158965,1762828.0,,4.767370000882846,84000017,USA,13911.402315420964,
07-06,147865,7026,,140839.0,17,1166.8804349430125,1783962.0,,4.751631555811044,84000017,USA,14078.181817751369,
07-07,149574,7273,,142301.0,17,1180.3670522176724,1810956.0,,4.862476098787222,84000017,USA,14291.205660180964,
07-08,150554,7309,,143245.0,17,1188.1007473195841,1843698.0,,4.85473650650265,84000017,USA,14549.589991840952,
07-09,151572,7329,,144243.0,17,1196.1343203948352,1879878.0,,4.835325785765182,84000017,USA,14835.105388562544,
07-10,152899,7345,,145554.0,17,1206.6063748848724,1912875.0,,4.803824747055247,84000017,USA,15095.502059254153,
07-11,154094,7369,,146725.0,17,1216.0367479938361,1945220.0,,4.782145962853843,84000017,USA,15350.753455245305,
07-12,155048,7388,,147660.0,17,1223.5652634297785,1984114.0,,4.764976007429957,84000017,USA,15657.68645248382,
07-13,155931,7394,,148537.0,17,1230.5334805471132,2014126.0,,4.741840942468143,84000017,USA,15894.526919217056,
07-14,156638,7419,,149219.0,17,1236.1127891563494,2042572.0,,4.736398575058415,84000017,USA,16119.009256838459,
07-15,157825,7427,,150398.0,17,1245.4800300603993,2080733.0,,4.7058450815776975,84000017,USA,16420.157765801774,
07-16,159082,7452,,151630.0,17,1255.399677757443,2123739.0,,4.684376610804491,84000017,USA,16759.540716365864,
07-17,160509,7465,,153044.0,17,1266.6608848089,2167474.0,,4.650829548498838,84000017,USA,17104.676589102706,
07-18,161785,7483,,154302.0,17,1276.7304714926133,2213573.0,,4.625274283771672,84000017,USA,17468.4680283915,
07-19,162750,7488,,155262.0,17,1284.3457937103121,2245686.0,,4.600921658986176,84000017,USA,17721.888590440158,
07-20,163922,7494,,156428.0,17,1293.594661730149,2280284.0,,4.571686533839265,84000017,USA,17994.919593640094,
07-21,164864,7517,,157347.0,17,1301.0284788587212,2310029.0,,4.5595157220496905,84000017,USA,18229.653023034334,
07-22,166475,7540,,158935.0,17,1313.74172662319,2349662.0,,4.529208589878361,84000017,USA,18542.417857701745,
07-23,168096,7560,,160536.0,17,1326.5338896438009,2389368.0,,4.497430039977156,84000017,USA,18855.75877373899,
07-24,169696,7577,,162119.0,17,1339.1603306265138,2433765.0,,4.465043371676409,84000017,USA,19206.118836432423,
07-25,171122,7589,,163533.0,17,1350.4136461523565,2471965.0,,4.434847652551981,84000017,USA,19507.57511489469,
07-26,172663,7590,,165073.0,17,1362.5744871238314,2512809.0,,4.395846243839155,84000017,USA,19829.89658708089,
07-27,173894,7608,,166286.0,17,1372.2889551549065,2543376.0,,4.375079071158292,84000017,USA,20071.11685053001,
07-28,174968,7638,,167330.0,17,1380.7644536645525,2571707.0,,4.365369667596361,84000017,USA,20294.69166270578,
07-29,176363,7654,,168709.0,17,1391.773131896355,2609894.0,,4.339912566694828,84000017,USA,20596.045351335062,
07-30,178135,7670,,170465.0,17,1405.756915284709,2651028.0,,4.305723187470177,84000017,USA,20920.655365949377,
07-31,180115,7692,,172423.0,17,1421.3821360008164,2700849.0,,4.270604891319436,84000017,USA,21313.81906357421,
08-01,181754,7700,,174054.0,17,1434.3163464824827,2740658.0,,4.2364954829054655,84000017,USA,21627.97280674972,
08-02,183224,7714,,175510.0,17,1445.91688913535,2779603.0,,4.210147142295768,84000017,USA,21935.30827179456,
08-03,184522,7723,,176799.0,17,1456.1600893825753,2808078.0,,4.185408785944223,84000017,USA,22160.019463658773,
08-04,185993,7742,,178251.0,17,1467.7685235610572,2850676.0,,4.162522245460851,84000017,USA,22496.18267177227,
08-05,187752,7770,,179982.0,17,1481.6497171164274,2897344.0,,4.1384379394094335,84000017,USA,22864.464389135548,
08-06,189705,7791,,181914.0,17,1497.0618666409507,2939030.0,,4.106902822803827,84000017,USA,23193.4305258889,
08-07,191808,7822,,183986.0,17,1513.6577450076038,2985918.0,,4.078036369703036,84000017,USA,23563.448378887297,
08-08,193998,7840,,186158.0,17,1530.940186102692,3033934.0,,4.0412787760698565,84000017,USA,23942.367872778505,
08-09,195380,7845,,187535.0,17,1541.8462745015104,3075288.0,,4.015252328795168,84000017,USA,24268.714023027944,
08-10,196699,7846,,188853.0,17,1552.2551967866339,3107641.0,,3.98883573378614,84000017,USA,24524.028551224008,
08-11,198248,7866,,190382.0,17.0,1564.4791699630227,3149003.0,,3.967757556192244,84000017,USA,24850.437833678363,
08-12,199893,7881,,192012.0,17.0,1577.4607295983747,3191101.0,,3.9426092959733454,84000017,USA,25182.655278984766,
08-13,201727,7905,,193822.0,17.0,1591.9337875748083,3237107.0,,3.918662350602547,84000017,USA,25545.71280639144,
08-14,204023,7932,,196091.0,17.0,1610.0527303850015,3286680.0,,3.887796964067777,84000017,USA,25936.919405663954,
08-15,205851,7937,,197914.0,17.0,1624.4784392077509,3331094.0,,3.8557014539642753,84000017,USA,26287.413624292836,
08-16,207412,7955,,199457.0,17.0,1636.79711069151,3368183.0,,3.835361502709583,84000017,USA,26580.10241779773,
08-17,209185,7967,,201218.0,17.0,1650.7887856054786,3406429.0,,3.8085904821091376,84000017,USA,26881.921706438246,
08-18,210924,7994,,202930,17,1664.5121490000001,3440604.0,,3.789990708,84000017,USA,27151.614589999997,
08-19,213220,8017,,205203.0,17.0,1682.6310914587573,3490903.0,,3.759966232060784,84000017,USA,27548.550441171792,
08-20,215052,8044,,207008.0,17.0,1697.0883663839636,3542515.0,,3.740490672023512,84000017,USA,27955.84786117165,
08-21,217345,8066,,209279.0,17.0,1715.1836346173136,3594336.0,,3.711150475051186,84000017,USA,28364.794610024877,
08-22,219701,8083,,211618.0,17.0,1733.7760689643576,3651102.0,,3.6790911283972316,84000017,USA,28812.76495304029,
08-23,221594,8089,,213505.0,17.0,1748.71472695203,3705453.0,,3.650369594844626,84000017,USA,29241.67726169743,
08-24,223206,8097,,215109.0,17.0,1761.4358662421137,3741608.0,,3.627590656165157,84000017,USA,29526.995370278662,
08-25,224887,8126,,216761.0,17.0,1774.7015207995755,3782467.0,,3.6133702704024686,84000017,USA,29849.435215349084,
08-26,227043,8163,,218880.0,17.0,1791.715650023781,3832829.0,,3.5953541840091967,84000017,USA,30246.8682283312,
08-27,228750,8186,,220564.0,17.0,1805.1864842472128,3877339.0,,3.5785792349726777,84000017,USA,30598.12003341904,
08-28,231186,8206,,222980.0,17.0,1824.4102406433926,3926007.0,,3.54952289498499,84000017,USA,30982.1848020107,
08-29,233066,8217,,224849.0,17.0,1839.2463087980805,3974791.0,,3.525610771197858,84000017,USA,31367.164987573608,
08-30,235058,8228,,226830.0,17.0,1854.9662278215576,4018484.0,,3.500412664108433,84000017,USA,31711.969416234653,
08-31,236724,8235,,228489.0,17.0,1868.1135094948074,4065863.0,,3.4787347290515536,84000017,USA,32085.862008309614,
09-01,238216,8273,,229943.0,17.0,1879.887665711187,4088824.0,,3.4728985458575408,84000017,USA,32267.059327937164,
09-02,240344,8300,,232044.0,17.0,1896.6808322181948,4121575.0,,3.4533834836734014,84000017,USA,32525.51468332768,
09-03,241704,8324,,233380.0,17.0,1907.4133070535006,4162370.0,,3.4438817727468307,84000017,USA,32847.44947075878,
09-04,247298,8362,,238936.0,17.0,1951.5585013393106,4311869.0,,3.3813455830617314,84000017,USA,34027.22465855539,
09-05,250102,8385,,241717.0,17.0,1973.6863391615145,4373804.0,,3.3526321260925545,84000017,USA,34515.98629747058,
09-06,251515,8390,,243125.0,17.0,1984.8370648543728,4420300.0,,3.3357851420392417,84000017,USA,34882.91067242822,
09-07,252884,8398,,244486.0,17.0,1995.640563420206,4449275.0,,3.320890210531311,84000017,USA,35111.56762709953,
09-08,254276,8405,,245871.0,17.0,2006.625567075166,4480638.0,,3.3054633547798455,84000017,USA,35359.06954493754,
09-09,255613,8433,,247180.0,17.0,2017.1765368213453,4528667.0,,3.299127978623936,84000017,USA,35738.091628661736,
09-10,257566,8461,,249105.0,17.0,2032.588686345869,4577649.0,,3.2849832664249163,84000017,USA,36124.634336296265,
09-11,259879,8505,,251374.0,17.0,2050.8417850915034,4634477.0,,3.2726768996340603,84000017,USA,36573.09395389976,
09-12,261999,8527,,253472.0,17.0,2067.5718193935973,4691071.0,,3.25459257478082,84000017,USA,37019.70695450954,
09-13,263459,8541,,254918.0,17.0,2079.093446790323,4737961.0,,3.241870651600439,84000017,USA,37389.74059055917,
09-14,264831,8546,,256285.0,17.0,2089.9206199329988,4773891.0,,3.2269636107555386,84000017,USA,37673.283105877206,
09-15,266295,8564,,257731.0,17.0,2101.4738134321815,4812922.0,,3.2159822752961937,84000017,USA,37981.29724212487,
09-16,268238,8599,,259639.0,17.0,2116.8070477005635,4865233.0,,3.2057352053027537,84000017,USA,38394.11083852905,
09-17,270294,8624,,261670.0,17.0,2133.032024363349,4923033.0,,3.1905998653318237,84000017,USA,38850.24101902955,
09-18,272517,8647,,263870.0,17.0,2150.574885803706,4985054.0,,3.173013059735723,84000017,USA,39339.68132914756,
09-19,275041,8672,,266369.0,17.0,2170.493096453935,5059340.0,,3.152984464134438,84000017,USA,39925.911200923685,
09-20,276443,8686,,267757.0,17.0,2181.557015365037,5107351.0,,3.1420582181498538,84000017,USA,40304.791237186815,
09-21,277920,8693,,269227.0,17.0,2193.212798697204,5145585.0,,3.1278785261945883,84000017,USA,40606.51582751997,
09-22,279453,8722,,270731.0,17.0,2205.3105074637656,5187414.0,,3.121097286484668,84000017,USA,40936.610452436165,
09-23,281303,8744,,272559.0,17.0,2219.9098298500267,5233805.0,,3.1083920185707226,84000017,USA,41302.7062172043,
09-24,283559,8774,,274785.0,17.0,2237.713111635652,5295876.0,,3.094241410076916,84000017,USA,41792.54110360304,
09-25,286332,8807,,277525.0,17.0,2259.596312163816,5365960.0,,3.075800120140257,84000017,USA,42345.6107847483,
09-26,288773,8832,,279941.0,17.0,2278.859526188068,5431177.0,,3.0584576812929187,84000017,USA,42860.27241072929,
09-27,290373,8845,,281528.0,17.0,2291.48596717078,5481999.0,,3.0460821081849896,84000017,USA,43261.33552549393,
09-28,292082,8858,,283224.0,17.0,2304.97258444544,5523141.0,,3.0327099923993948,84000017,USA,43586.00867231316,
09-29,293448,8881,,284567.0,17.0,2315.7524084344313,5568765.0,,3.026430577138028,84000017,USA,43946.05163693521,
09-30,295720,8916,,286804.0,17.0,2333.681954629883,5627311.0,,3.015014202624104,84000017,USA,44408.068895543896,
10-01,297884,8940,,288944.0,17.0,2350.759216059002,5692926.0,,3.0011682399860358,84000017,USA,44925.87134871934,
10-02,300340,8992,,291348.0,17.0,2370.1408029674662,5765867.0,,2.993940201105413,84000017,USA,45501.48711854436,
10-03,302782,9023,,293759.0,17.0,2389.4119085173315,5837501.0,,2.980031838088129,84000017,USA,46066.78866439164,
10-04,304235,9040,,295195.0,17.0,2400.878295234757,5889157.0,,2.9713872499876737,84000017,USA,46474.433311518536,
10-05,306088,9054,,297034.0,17.0,2415.501292197862,5927695.0,,2.957972870547032,84000017,USA,46778.55692563839,
10-06,307705,9085,,298620.0,17.0,2428.261889116016,5977208.0,,2.952503209242619,84000017,USA,47169.290033374054,
10-07,310335,9127,,301208.0,17.0,2449.01660148135,6036028.0,,2.9410153543751107,84000017,USA,47633.469570001034,
10-08,313429,9159,,304270.0,17.0,2473.432981731671,6108519.0,,2.922192904932217,84000017,USA,48205.534153299675,
10-09,316546,9191,,307355.0,17.0,2498.030867071118,6180417.0,,2.9035274494070373,84000017,USA,48772.919061909095,
10-10,319451,9221,,310230.0,17.0,2520.955748980356,6246673.0,,2.8865146767422862,84000017,USA,49295.77998300323,
10-11,322178,9230,,312948.0,17.0,2542.4759393302666,6310720.0,,2.864875938145994,84000017,USA,49801.208524015616,
10-12,324918,9243,,315675.0,17.0,2564.0987195131625,6358299.0,,2.8447177441692983,84000017,USA,50176.679421213405,
10-13,327771,9273,,318498.0,17.0,2586.613242090462,6414292.0,,2.8291093476848164,84000017,USA,50618.54961492906,
10-14,330637,9320,,321317.0,17.0,2609.2303545007458,6466961.0,,2.818801283582902,84000017,USA,51034.18837750312,
10-15,334651,9373,,325278.0,17.0,2640.906938316127,6534047.0,,2.8008283256287894,84000017,USA,51563.59926485704,
10-16,339757,9425,,330332.0,17.0,2681.201068102209,6622355.0,,2.774041447269666,84000017,USA,52260.48410879541,
10-17,343386,9452,,333934.0,17.0,2709.8394145561238,6699844.0,,2.752587467165231,84000017,USA,52871.99053711381,
10-18,347631,9474,,338157.0,17.0,2743.338940788384,6779140.0,,2.725303554631204,84000017,USA,53497.75695221705,
10-19,350744,9496,,341248.0,17.0,2767.905260025375,6827824.0,,2.7073877243801747,84000017,USA,53881.94798521853,
10-20,354457,9537,,344920.0,17.0,2797.2064946308824,6886901.0,,2.6905943457175345,84000017,USA,54348.15564392837,
10-21,358799,9605,,349194.0,17.0,2831.471498847719,6953692.0,,2.6769862792259733,84000017,USA,54875.238531226096,
10-22,363740,9647,,354093.0,17.0,2870.4635269074597,7034669.0,,2.6521691317974376,84000017,USA,55514.2706008868,
10-23,368740,9688,,359052.0,17.0,2909.9211549784363,7118051.0,,2.6273254867928624,84000017,USA,56172.28178964965,
10-24,374901,9751,,365150.0,17.0,2958.540844287494,7201568.0,,2.600953318342709,84000017,USA,56831.35833437041,
10-25,378958,9775,,369183.0,17.0,2990.5567637042855,7273665.0,,2.579441521223988,84000017,USA,57400.31365657706,
10-26,383687,9792,,373895.0,17.0,3027.8757883338158,7330929.0,,2.552080211213828,84000017,USA,57852.21397934835,
10-27,387687,9838,,377849.0,17.0,3059.441890790597,7393003.0,,2.5376141062248667,84000017,USA,58342.07254032393,
10-28,393797,9889,,383908.0,17.0,3107.659112293332,7463755.0,,2.511192314822104,84000017,USA,58900.413760579475,
10-29,400159,9945,,390214.0,17.0,3157.8649982508427,7546811.0,,2.4852621083119457,84000017,USA,59555.8523119921,
10-30,408648,9994,,398654.0,17.0,3224.856159189749,7643468.0,,2.4456255750670506,84000017,USA,60318.62350328339,
10-31,416547,10040,,406507.0,17.0,3224.856159189749,7736104.0,,2.4456255750670506,84000017,USA,61049.66287008,
11-01,423527,10075,,413452.0,17.0,3342.274168803363,7814562.0,,2.378832990576752,84000017,USA,61668.81618671856,
11-02,429749,10093,,419656.0,17.0,3391.375241174888,7882680.0,,2.348580217755015,84000017,USA,62206.37112850631,
11-03,436265,10161,,426104.0,17.0,3442.796422076985,7965115.0,,2.329088971152854,84000017,USA,62856.90904251253,
11-04,443803,10216,,433587.0,17.0,3502.282742156791,8036972.0,,2.3019222492862825,84000017,USA,63423.97039857176,
11-05,453738,10313,,443425.0,17.0,3580.685049133823,8122987.0,,2.2728975752526788,84000017,USA,64102.7599742768,
11-06,465540,10397,,455143.0,17.0,3673.8208344325567,8215129.0,,2.233320445074537,84000017,USA,64829.90092741999,
11-07,477978,10488,,467490.0,17.0,3771.97563002192,8313547.0,,2.194243249689316,84000017,USA,65606.56909531787,
11-08,487987,10538,,477449.0,17.0,3850.9619098944027,8404304.0,,2.1594837567394207,84000017,USA,66322.78028548541,
11-09,498560,10563,,487997.0,17.0,3934.399010213291,8520133.0,,2.118701861360719,84000017,USA,67236.84780585206,
11-10,511183,10645,,500538.0,17.0,4034.013738041281,8571019.0,,2.0824244937722893,84000017,USA,67638.415978256,
11-11,523840,10798,,513042.0,17.0,4133.896777740153,8664483.0,,2.0613164324984727,84000017,USA,68375.98952826117,
11-12,536542,10846,,525696.0,17.0,4234.134936091664,8765100.0,,2.021463370994256,84000017,USA,69170.01116098468,
11-13,551957,10891,,541066.0,17.0,4355.7828034344875,8871640.0,,1.9731609527553773,84000017,USA,70010.77429992106,
11-14,562985,11088,,551897.0,17.0,4442.810547907834,8986010.0,,1.9695018517367249,84000017,USA,70913.3280844166,
11-15,573616,11162,,562454.0,17.0,4526.705356712347,9070841.0,,1.945901090625087,84000017,USA,71582.77409379442,
11-16,585248,11204,,574044.0,17.0,4618.499582656668,9161453.0,,1.914402099622724,84000017,USA,72297.84101274789,
11-17,597849,11317,,586532.0,17.0,4717.940696921145,9255658.0,,1.892952902823288,84000017,USA,73041.26218323318,
11-18,606771,11468,,595303.0,17.0,4788.348888450997,9359227.0,,1.8900046310716887,84000017,USA,73858.57959956977,
11-19,621383,11648,,609735.0,17.0,4903.659860725621,9472674.0,,1.874528270004168,84000017,USA,74753.84950592341,
11-20,634395,11795,,622600.0,17.0,5006.344392017531,9588698.0,,1.8592517280243381,84000017,USA,75669.45587378483,
11-21,646286,11951,,634335.0,17.0,5100.182523095931,9708982.0,,1.8491813222010067,84000017,USA,76618.68014076272,
11-22,656298,12050,,644248.0,17.0,5179.192477545255,9801419.0,,1.8360561817954648,84000017,USA,77348.1490939621,
11-23,664620,12111,,652509.0,17.0,5244.86575370659,9892981.0,,1.8222442899702085,84000017,USA,78070.71296224908,
11-24,674089,12261,,661828.0,17.0,5319.590609747407,9990304.0,,1.81889928481254,84000017.0,USA,78838.73990959942,
11-25,685467,12439,,673028.0,17.0,5409.380388185723,10104537.0,,1.81467525059558,84000017.0,USA,79740.2125550858,
11-26,697489,12594,,684895.0,17.0,5504.252309119583,10212093.0,,1.8056198735750668,84000017.0,USA,80588.99348404622,
11-27,705063,12685,,692378.0,17.0,5564.022724121498,10289223.0,,1.7991300068220857,84000017.0,USA,81197.6668546691,
11-28,712936,12838,,700098.0,17.0,5626.152705282058,10368278.0,,1.8007226455109575,84000017.0,USA,81821.53141209933,
11-29,720114,12882,,707232.0,17.0,5682.798076140753,10431018.0,,1.788883426790758,84000017.0,USA,82316.64572913396,
11-30,726304,12985,,713319.0,17.0,5731.646619692623,10497998.0,,1.7878188747411552,84000017.0,USA,82845.22011477278,
12-01,738846,13131,,725715.0,17.0,5830.622133945863,10614079.0,,1.7772309791214949,84000017.0,USA,83761.27629959419,
12-02,748603,13397,,735206.0,17.0,5907.619749363568,10699586.0,,1.7896000951104925,84000017.0,USA,84436.05698028719,
